{"AK": ["Wales", "Huslia", "Craig"], "AL": ["Jones", "Gadsden", "Birmingham", "Hartford", "Plantersville", "Ragland", "Bessemer", "Woodville", "Grand Bay", "Mobile", "Dadeville", "Grant", "Eldridge", "Paint Rock", "Brantley", "Mount Hope", "Bay Minette", "Huntsville", "Montgomery", "Cleveland", "Fairhope", "Phenix City", "Sardis", "Phil Campbell"], "AR": ["Lepanto", "Bauxite", "Cord", "De Witt", "Norman", "Thida", "Viola", "Walnut Ridge", "Texarkana", "Ash Flat", "Smackover", "Enola", "Haynes", "Cherokee Village", "Winslow", "De Queen", "Gregory", "Pea Ridge"], "AZ": ["Superior", "Phoenix", "Parks", "Paradise Valley", "Humboldt"], "CA": ["Carlotta", "Daly City", "Hawthorne", "Fields Landing", "Glendale", "Norwalk", "Helm", "Sun City", "Laguna Hills", "Port Costa", "Corona", "Santa Monica", "San Jose", "Sacramento", "Wendel", "Newhall", "Oakland", "Grenada", "Smith River", "San Diego", "Fiddletown", "Los Angeles", "Indian Wells", "Lakeport", "Tomales", "Greenview", "June Lake", "Napa", "Mountain Center", "Blairsden-Graeagle", "Vinton", "Azusa", "Parker Dam", "Huntington Beach", "Palmdale", "Claremont"], "CO": ["Colorado Springs", "Littleton", "Kirk", "Aurora", "Iliff", "Red Cliff", "Pueblo", "Dumont", "Meredith", "Broomfield", "Parker", "Arvada"], "CT": ["Higganum", "East Canaan", "Plymouth", "Marion", "Preston"], "DC": ["Washington"], "FL": ["Titusville", "Loxahatchee", "Deltona", "Key West", "Port Saint Lucie", "Clearwater", "Fort Myers", "Saint Petersburg", "Lakeland", "Haines City", "Brandon", "Naples", "Sebring", "Port Richey", "Melbourne", "Port Charlotte", "West Palm Beach", "Cape Coral", "Grand Ridge", "Wauchula", "Umatilla", "Lanark Village", "Bonita Springs", "Tampa", "Saint James City", "Vero Beach", "Jay", "Hampton"], "GA": ["Alpharetta", "Norman Park", "Surrency", "Girard", "West Green", "Whigham", "Juliette", "Darien", "Cuthbert", "Irwinton", "Avera", "Springfield", "Brinson", "Valdosta", "Vienna", "Hahira", "Sea Island", "Kings Bay", "Milner", "Varnell", "Du Pont", "Allentown"], "HI": ["Paauilo", "Honokaa"], "IA": ["Belmond", "Ollie", "Battle Creek", "Moulton", "Birmingham", "Lohrville", "Alton", "Clarinda", "Hedrick", "Avoca", "Elkhart", "Des Moines", "Early", "Webster City", "Whittemore", "Rockwell", "Curlew", "Princeton", "Clutier", "Moscow", "Oran", "Wever"], "ID": ["Meridian", "Spirit Lake", "Mesa", "Malad City"], "IL": ["Lomax", "Eureka", "Pembroke Township", "Rossville", "Payson", "Logan", "Olmsted", "Nokomis", "Dieterich", "Schaumburg", "Cisco", "Dongola", "New Boston", "Murrayville", "Putnam", "Joliet", "Galatia", "Ringwood", "Wilmette", "Tamaroa", "Goreville", "Tower Hill", "Eagarville", "New Memphis", "Mc Nabb", "Mulberry Grove", "Oakford", "Bonfield", "Moro", "Loami", "Smithfield"], "IN": ["Andrews", "New Goshen", "Leo", "Kingsford Heights", "Churubusco", "Greenwood", "Highland", "Indianapolis", "Harrodsburg", "Carlisle", "Bristow", "Oolitic", "Moores Hill", "North Judson", "Williams", "Central", "Liberty Mills", "Prairie Creek", "Veedersburg"], "KS": ["Mc Cracken", "Hudson", "Burrton", "Topeka", "Esbon", "Utica", "Holcomb", "Dexter", "Ozawkie", "Wichita", "De Soto", "Garfield", "Easton", "Dresden", "Morrowville"], "KY": ["Westport", "Pewee Valley", "Smiths Grove", "Deane", "Elizabethtown", "Rochester", "Cranks", "Big Creek", "Stephensport", "Cadiz", "Louisville", "Cromona", "River", "Hazel", "Mallie", "Saint Francis", "Maysville", "Irvine", "Parkers Lake", "Dubre", "Lexington"], "LA": ["Saint Amant", "Baton Rouge", "Egan", "Tickfaw", "Fordoche", "Delhi", "Gretna", "Spearsville", "West Monroe", "Denham Springs", "Kenner", "Metairie"], "MA": ["North Brookfield", "Ashfield", "Methuen", "Sheffield", "Lawrence", "Barnstable", "Shrewsbury", "Paxton", "Stoneham"], "MD": ["Manchester", "Tuscarora", "Tyaskin", "Corriganville", "Linthicum Heights", "Cecilton", "Annapolis", "Hancock", "Great Mills", "Kensington", "Gaithersburg", "Whaleyville", "Pikesville", "Scotland", "Queenstown", "Chester", "Harwood", "Kingsville"], "ME": ["Brooklin", "Kittery Point", "East Andover", "Bowdoin", "Winthrop", "West Bethel", "Steuben", "Nobleboro", "Auburn", "Parsonsfield", "Scarborough", "Newport"], "MI": ["Falmouth", "Goodrich", "Southfield", "Elk Rapids", "Munith", "Romulus", "Arcadia", "Muskegon", "Cedar", "Oxford", "Manistique", "Baroda", "Bay City", "Wetmore", "Warren", "Detroit", "Luzerne", "Lakeview", "Elberta", "Pointe Aux Pins", "Republic", "Afton", "Riverview", "Livonia", "Rumely", "Mount Clemens"], "MN": ["Emmons", "Winger", "Hovland", "Halstad", "Stanchfield", "Lonsdale", "Ranier", "Afton", "Sauk Rapids", "Randolph", "Halma", "Hills", "Lamberton", "Georgetown", "Orr", "Minneapolis", "Saint Paul", "Watertown", "Comfrey", "Collegeville", "Hawley", "Minnesota Lake", "Bigelow", "Remer", "Rice"], "MO": ["Redford", "Rocky Mount", "Centerview", "Wheaton", "Blairstown", "Unionville", "Arnold", "Kansas City", "Utica", "Ballwin", "Meadville", "Williamsburg", "Kissee Mills", "Odessa", "Cardwell", "Mound City", "Independence", "Brashear", "Camden", "Browning", "Saint Louis", "Luray", "Owensville", "Clarksville", "Louisiana", "Matthews", "Syracuse", "Seligman"], "MS": ["Sontag", "Sunflower", "Heidelberg", "University", "Mayersville", "Ridgeland", "Moorhead", "Jackson", "Pearlington", "Coffeeville", "Duncan", "Sturgis", "Florence", "Meadville", "Paris", "Senatobia"], "MT": ["Turner", "Heart Butte", "Belgrade", "Boulder", "Bridger", "Sula", "Alder"], "NC": ["Wilmington", "Mooresville", "Grover", "Collettsville", "Gibsonville", "Bolton", "Haw River", "Creedmoor", "Moravian Falls", "Grimesland", "North Wilkesboro", "Pelham", "Fayetteville", "Andrews", "Bailey", "Summerfield", "Pembroke", "Grifton"], "ND": ["Wilton", "Christine", "Shields", "Michigan", "Coleharbor", "Noonan", "Reynolds", "Rhame", "Palermo"], "NE": ["Sprague", "North Loup", "Weeping Water", "Sutherland", "Holstein", "Hooper", "Valentine", "Manley", "Westerville", "Carroll", "Roseland", "Campbell", "Fullerton", "Howells", "Brainard", "Omaha", "Nelson", "Ravenna"], "NH": ["Center Tuftonboro", "Conway", "Belmont", "North Haverhill", "Acworth", "Grantham", "Jaffrey", "Newton"], "NJ": ["Plainfield", "Ogdensburg", "Elizabeth", "Monmouth Beach", "Matawan", "Greenwich", "Fairview", "Iselin", "West Long Branch", "Stirling", "Richland", "Boonton", "Harrington Park", "Bridgeport", "Allenhurst", "Heislerville"], "NM": ["Ruidoso", "Moriarty", "Espanola", "Kirtland Afb", "Loving", "Red River", "Albuquerque", "High Rolls Mountain Park", "Crownpoint", "Lamy", "Llano", "Kirtland"], "NV": ["Reno", "Ruth", "Washoe Valley", "North Las Vegas"], "NY": ["Bellmore", "Breesport", "Rock Tavern", "New York City", "Brooklyn", "Hudson", "Oriskany Falls", "Hannawa Falls", "Altona", "De Lancey", "Cottekill", "Falconer", "Port Ewen", "West Harrison", "Montrose", "Jordanville", "Tupper Lake", "West Sayville", "Westhampton Beach", "Lowville", "Newark Valley", "Brownville", "Albany", "Farmington", "Orient", "Belfast", "Bronx", "Port Gibson", "Pomona", "Garrattsville", "Armonk", "Shelter Island", "Downsville", "Camden", "West Eaton", "Saint Bonaventure", "Jefferson", "Oak Hill", "East Rochester", "Barneveld", "North Tonawanda", "Big Indian", "Allentown", "Howes Cave", "Stittville", "Oakdale", "West Henrietta", "Springfield Gardens", "Margaretville", "Cowlesville", "Mount Morris", "South Richmond Hill", "Orangeburg", "Palmyra", "Moriches", "Northport", "Knowlesville", "Chatham", "West Chazy", "Springville", "Kirkwood"], "OH": ["Greenville", "Mount Saint Joseph", "Cuyahoga Falls", "Amanda", "Creola", "Milford", "Dayton", "Lithopolis", "Hinckley", "Warren", "Clay Center", "Diamond", "Norwalk", "Mount Perry", "Lima", "Kirby", "Canton", "Randolph", "Fulton", "Ironton", "Mansfield", "Waynesfield", "Bowersville", "Holloway", "Zaleski", "Akron", "Maria Stein", "Paulding", "Washington Court House", "Norwich", "Bethel", "Miamisburg", "Beaverdam", "Amsterdam", "Thornville", "Rosewood", "Arcadia"], "OK": ["Roosevelt", "Lahoma", "Oklahoma City", "Achille", "Edmond", "Tulsa", "Coyle", "Mountain Park", "Tryon", "Thomas", "Clayton", "Mounds", "Lane", "Stillwater", "Burbank", "Burns Flat", "Amorita", "Guthrie"], "OR": ["Eugene", "Cascade Locks", "Lowell", "Newberg", "Athena", "Bay City", "Sixes", "Gardiner", "Lake Oswego", "Shedd", "Powell Butte", "Kent", "Westfir", "Portland", "Stayton", "Scotts Mills", "Jordan Valley"], "PA": ["Morrisdale", "Clarks Mills", "Cokeburg", "Philadelphia", "North Washington", "Smock", "Shippingport", "Spring Church", "Dublin", "Leetsdale", "Marienville", "Uledi", "Mifflin", "Jermyn", "Cochranton", "Schaefferstown", "Lawn", "Grassflat", "West Decatur", "Mill Creek", "Allentown", "Dunlevy", "Vanderbilt", "Bolivar", "Armagh", "Keisterville", "Corsica", "Beaver Falls", "Pittsburgh", "Fenelton", "Mc Veytown", "West Finley", "Emporium", "Chester Heights", "Harmony", "Irvine", "Montandon", "Atglen", "Clune", "Glen Rock", "Bristol", "Oaks", "Utica", "Rockwood", "Harborcreek", "Cressona", "Mc Clellandtown", "Skytop", "Rock Glen", "Manor"], "RI": ["Providence"], "SC": ["Columbia", "New Ellenton", "Johns Island", "Hopkins", "Scotia", "Arcadia", "Edisto Island", "Brunson", "West Columbia", "Prosperity", "Cross", "Cassatt", "Bradley", "Ehrhardt", "Clifton", "Monetta", "Blackville", "North Augusta", "Marietta"], "SD": ["Spencer", "Hurley", "Fulton", "Deadwood", "Ferney", "Barnard", "Belle Fourche", "Manderson", "Mc Intosh"], "TN": ["Tiptonville", "Murfreesboro", "Kingsport", "Oakland", "Clarksville", "Knoxville", "Bethel Springs", "Heiskell", "Old Hickory", "Grand Junction", "Slayden", "Powell", "Apison"], "TX": ["Prairie Hill", "Grandview", "New Waverly", "San Antonio", "Purmela", "Sachse", "Altair", "Ratcliff", "Leonard", "Dallas", "Sherman", "Aledo", "Lake Jackson", "Sterling City", "Summerfield", "Meridian", "Humble", "Zavalla", "Marathon", "Houston", "Cleveland", "Lorenzo", "May", "Keller", "Nazareth", "Kilgore", "Hedley", "Tyler", "Roma", "Rule", "Holliday", "El Paso", "Coleman", "Thrall", "Harper", "Karnack", "O Brien", "Cross Plains", "Laredo", "Pecos", "Blooming Grove", "Notrees", "Trenton", "Beasley", "Falls City", "Camden", "Bynum", "Lolita", "Lubbock", "Quanah", "San Angelo", "Gainesville", "Spring", "Dell City", "Desdemona"], "UT": ["Altonah", "Mendon", "Hatch", "Moab", "Thompson", "American Fork", "Woods Cross"], "VA": ["Drakes Branch", "Ruckersville", "Etlan", "Ford", "Basye", "Alexandria", "Lebanon", "Doe Hill", "Burke", "Atlantic", "Damascus", "Arlington", "Glade Spring", "Falls Church", "Catawba", "Manquin", "Edinburg", "Hopewell", "Timberville", "Springfield", "Hampton", "Greenbush"], "VT": ["South Londonderry", "Graniteville", "South Hero", "Brandon", "Hinesburg", "West Hartford"], "WA": ["Conway", "Issaquah", "Tekoa", "Burlington", "Orient", "Burbank", "Vancouver", "Colton", "Ashford", "Monitor", "Seattle"], "WI": ["Tomahawk", "Bagley", "New Holstein", "Wittenberg", "Cazenovia", "Bryant", "Waupaca", "Saxon", "Oconto Falls", "Greendale", "East Troy", "Seneca", "Benton", "Hewitt", "Dalton", "Milwaukee", "North Prairie", "Boyd", "Winter", "Waukesha", "Adams", "New Franken"], "WV": ["Tallmansville", "Cass", "Shenandoah Junction", "Thomas", "Union", "Henderson", "Premier", "Center Point", "Ronceverte", "Moundsville", "White Sulphur Springs", "Hurricane", "Winfield", "Comfort", "Daniels"], "WY": ["Fort Washakie", "Rock Springs", "Lagrange", "Riverton", "Jelm", "Yellowstone National Park", "Manville", "Lonetree", "Freedom", "Laramie", "Alva"]}